Commodity,Beef,Shrimp Meal,Lamb,Pork,Poultry,Fish,Shrimp,IMF Meat (Avg),Barley,Corn,Rice,Soybeans,Wheat,IMF Grain Index (Avg)
Data Type,USD,USD,USD,USD,USD,USD,USD,USD,USD,USD,USD,USD,USD,USD
Frequency,Monthly,Monthly,Monthly,Monthly,Monthly,Monthly,Monthly,Monthly,Monthly,Monthly,Monthly,Monthly,Monthly,monthly
1993M7,127.94,375.25,130.1,65.46,56.7,5.4,6.28,109.59,74.03,101.89,210,258.84,127.52,154.46
1993M8,127.17,388.36,129.77,68.43,57.93,5.05,6.13,111.83,69.69,100.31,210,246.64,129.8,151.29
1993M9,124.01,389.89,132.62,68.98,57.58,4.73,5.77,111.94,64.41,101.03,206,236.06,131.29,147.76
1993M10,121.06,387.33,130.9,66.79,55.67,4.35,5.83,110.27,60.95,105.77,257,226.09,135.96,157.15
1993M11,119.84,373.16,128.8,60.68,55.08,3.94,5.83,106.76,63.85,115.93,323,243.93,146.5,178.64
1993M12,111.66,393.21,129.47,57.53,53.67,4.31,5.88,107.96,68.31,121.23,315,252.52,158.65,183.14
1994M1,109.84,395.87,130.45,62.4,52.8,4.33,5.88,108.8,74.62,126.72,354,255.6,153.21,192.83
1994M2,113.11,398.37,130.23,67.84,53.63,4.49,5.88,110.51,72.29,123.65,363,249.68,147.04,191.13
1994M3,122.03,393.37,131.23,62.63,55.45,4.59,6.58,110.84,68.29,120.11,274,250.55,141.04,170.8
1994M4,119.19,378.37,130,59.98,56,5.2,6.66,107.92,66.89,113.42,269,242.76,140.45,166.51
1994M5,108.44,389.78,126.59,60.57,58.94,5.43,6.77,108.07,68.55,110.6,235,250.23,140.15,160.91
1994M6,101.26,396.97,127.03,61.27,59.35,5.46,6.85,108.32,67.78,112.08,216,249.61,139.3,156.96
1994M7,99.39,401.81,126.11,60.59,57.98,5.24,6.92,108.29,64.32,98.73,226,223.24,137.6,149.98
1994M8,99.78,409.34,119.62,60.12,55.89,5.02,7.04,108.12,66.16,96.16,250,214.1,146.02,154.49
1994M9,100.16,418.1,119.79,50.41,56.13,5.28,7.07,108.13,72.27,97.61,259.75,207.88,158.79,159.26
1994M10,96.38,430.6,123.61,45.41,54.33,5.35,7.28,109,80.14,96.11,261.75,198.71,167.19,160.78
1994M11,99.28,412.67,122.83,40.26,51.67,4.85,7.28,105.55,83.98,95.61,264.5,205.39,161.99,162.29
1994M12,100.95,412.64,120.51,45.43,51.25,4.89,7.28,106.14,86.49,102.56,260.5,206.38,164.62,164.11
1995M1,97.76,445.36,120.62,53.42,51.25,4.81,7.61,111.55,85.45,106.9,274.75,202.5,156.21,165.16
1995M2,98.47,467.28,117.56,55.68,51.44,4.78,7.66,114.7,85.77,106.98,286.25,203.65,154.42,167.41
1995M3,93.77,480.2,117.12,54.05,51.85,5.08,7.66,115.68,90.83,109.63,283,209.35,150.39,168.64
1995M4,88.45,482.68,115.26,51.05,51.38,5.17,7.66,114.52,93.4,109.64,281.5,211.27,148.98,168.96
1995M5,82.02,476.59,111.99,48.05,52.33,5.36,7.88,112.03,100.79,111.93,287.75,211.64,158.61,174.15
1995M6,79.9,478.94,112.19,55.55,54.11,5.42,7.88,113.43,105.77,120.01,326,216.65,169.98,187.68
1995M7,76.61,539.09,107.85,66.06,56.4,5.01,7.88,122.7,112.97,127.31,345.6,226.92,190.09,200.58
1995M8,78.53,532.67,105.72,78.08,59.47,4.75,7.5,123.82,104.87,126.3,340.67,218.92,184.39,195.03
1995M9,81.5,542.87,105.07,75.7,60.63,4.67,7.12,125.37,104.82,130.51,359.75,232.59,193.67,204.27
1995M10,84.58,552.42,113.4,78.51,58.72,4.45,6.69,128.39,112.7,140.82,382.6,240.99,203.79,216.18
1995M11,88.99,614.51,117.15,65.89,59.65,3.93,6.58,136.67,125.76,143.21,340.5,249.74,204.07,212.66
1995M12,87.43,645.04,114.98,71.5,58.57,3.87,6.53,141.13,125,148.19,341.25,263.96,208.92,217.47
1996M1,86.26,694.66,116.22,72.9,58.45,4.32,6.53,148.48,124.93,156.67,364.4,270.12,196.43,222.51
1996M2,83.05,705.54,114.95,78.51,56.83,4.27,6.53,149.95,123.31,164.71,367,268.26,206.17,225.89
1996M3,79.32,664.02,118.49,89.72,55.12,4.36,6.53,145.37,124.47,170.96,362.5,265.78,205.26,225.79
1996M4,81.5,637.9,134.95,99.53,56.02,4.44,6.53,145.84,132.69,189.03,325.8,290.42,239.52,235.49
1996M5,81.31,603.71,146.12,112.15,60.32,4.25,6.6,144.92,137.79,204,332.25,295.52,248.59,243.63
1996M6,77,597.14,153.45,102.34,64.64,4.25,6.75,143.65,138.14,196.64,341.5,284.61,215.23,235.22
1996M7,77.68,577.42,151.62,124.77,66.26,3.78,6.58,144.02,133.09,197.62,358,288.77,196.39,234.77
1996M8,80.23,565.35,151.21,124.77,66.7,3.68,6.55,142.64,115.01,186.82,335.5,296.3,181.5,223.02
1996M9,78.68,605.67,154.71,76.3,66.7,3.76,6.4,141.74,103.4,145.24,328.4,297.49,170.98,209.1
1996M10,81.42,626.68,159.64,76.59,65.68,3.89,6.43,145.76,102.41,128.61,312.75,259.8,169.6,194.63
1996M11,82.17,643.81,170.23,75.74,65.83,4.13,6.83,149.82,99.99,117.14,315,255.28,169.27,191.34
1996M12,83.01,629.31,173.95,76.51,65.19,4.21,7.12,148.47,100.76,116.84,313.67,257.16,167.83,191.25
1997M1,81.48,608.18,174.17,74.6,64.2,4.31,7.36,144.9,98.97,118.7,356,268.1,167.79,201.91
1997M2,85.33,602.29,159.21,72.48,62.54,3.93,7.56,141.91,97.73,121.75,347,280.54,164.17,202.24
1997M3,93.36,592.71,153.98,68.96,61.82,3.74,7.71,140.33,99.75,127.86,323.4,305.88,167.71,204.92
1997M4,90.99,584.81,150.19,76.86,61.3,3.68,7.88,139.39,97.87,124.71,299.33,313.36,175.57,202.17
1997M5,86.5,589.35,149.42,81.52,60.89,3.63,7.97,139.9,100.07,118.61,324.5,319.84,168.4,206.28
1997M6,80.11,610.62,150.74,83.17,60.89,3.57,8.07,142.45,94.94,112.58,323.2,304.77,141.2,195.34
1997M7,81.73,627.37,151.48,83.14,61.3,3.66,8.26,145.28,91.66,106.42,320,281.16,130.41,185.93
1997M8,82.82,656.29,144.47,77.41,62.71,3.6,8.12,147.92,91.3,111.95,285,267.59,139.35,179.04
1997M9,80.47,679.52,140.36,70.66,63.05,3.64,7.63,149.33,92.51,112.24,270.2,255.21,138.24,173.68
1997M10,79.72,696.66,143.05,65.95,59.63,3.74,7.91,150.95,102.71,120.24,265.75,250.75,136.21,175.13
1997M11,83.24,742.33,148,63.03,57.56,3.62,8.07,157.98,102.27,117.4,251.75,265.43,135.38,174.45
1997M12,84.28,761.33,138.32,56.52,55.98,3.58,8.09,158.3,97.08,113.6,263.5,254.59,129.73,171.7
1998M1,82.87,755.77,130.02,50.56,55.5,3.47,8.09,155.18,95.77,114.37,293.5,246,127.35,175.4
1998M2,82.09,754.4,126.56,50.38,55.81,3.42,8.09,154.39,91.49,113.62,297,247.42,128.31,175.57
1998M3,81.68,741.7,123.25,50.25,56.92,3.51,8.09,152.2,93.04,113.84,295,240.12,128.24,174.05
1998M4,81.74,743.83,121.12,50.75,57.62,3.83,8.09,152.42,91.85,106.69,311,235.09,118.2,172.57
1998M5,80.4,732.55,115.01,61.33,59.08,3.95,8.09,151.49,93.01,105.97,318.5,236.15,118.35,174.39
1998M6,77.48,727.63,105.58,60.45,62.54,4.17,8.2,149.44,91.57,101.75,331,231.12,112.37,173.56
1998M7,75.94,706.68,103.51,52.34,67.34,3.83,7.96,145.37,85.2,100.9,323,232.43,106.62,169.63
1998M8,76.12,708.88,103.43,49.06,70.85,3.61,7.77,145.67,73.2,88.36,323,202.25,97,156.76
1998M9,75.05,726.89,116.53,40.93,71.06,3.64,7.38,148.78,73.12,85.71,322,193.34,97.57,154.35
1998M10,74.26,707.25,121.3,38.59,69.15,3.76,6.93,145.89,74.74,95.49,298.25,200.76,112.16,156.28
1998M11,75.57,653.71,114.5,23.68,67.1,3.77,7.01,135.05,79.26,97.38,270.33,209.9,115.61,154.5
1998M12,76.35,548.67,111.35,19.1,64.9,3.66,7.01,118.72,78.39,95.32,282.5,204.91,111.8,154.59
1999M1,77.6,528.17,110.05,34.86,62.93,3.71,6.94,117.75,77.71,97.45,301.67,195.04,111.89,156.75
1999M2,81.83,508.74,108.86,37.34,61.25,3.57,6.9,115.5,75.31,94.56,280,179.67,104.28,146.76
1999M3,81.5,434.31,108.38,35.08,59,3.56,6.9,104.1,75.2,96.43,256.2,175.06,104.58,141.49
1999M4,79.11,402.13,108.8,39.45,57.71,3.69,6.97,99.69,79.73,94.04,235.5,177.54,102.33,137.83
1999M5,79.85,385.72,112.03,48.75,59.6,3.65,7.28,99.56,81.53,92.72,244.25,171.45,99.61,137.91
1999M6,79.93,381.18,111.46,45.92,60.96,3.47,7.34,98.61,80.54,92.95,254.75,170,99.94,139.64
1999M7,81.6,393.63,114.66,44.33,61.13,3.41,7.34,100.87,76.86,83.6,255.75,158.31,93.01,133.51
1999M8,88.33,408.96,123.21,53.25,60.41,3.48,7.36,106.43,75.15,86.38,251,172,98.02,136.51
1999M9,86.48,430.42,119.47,48.7,60.92,3.46,7.11,108.08,71.44,87.12,233,180.64,94.8,133.4
1999M10,84.64,432.83,124.57,46.59,58.67,3.51,7.07,108.27,72.29,85.65,217,178.18,88.55,128.34
1999M11,87.93,437.55,123.55,47.66,58.5,3.51,7.28,109.43,73.14,85.41,227.5,171.2,91.68,129.78
1999M12,88.88,453.7,124.79,50.94,58.5,3.81,7.28,112.56,72.36,87.22,231,169.96,90.44,130.19
2000M1,88.2,452.22,128.24,51.61,58.23,3.87,7.28,112.81,73.13,92.95,247.5,180.38,93.62,137.52
2000M2,89.05,448.56,122.51,54.91,57.63,3.9,7.28,111.98,73.36,95.08,243,185.76,98.17,139.07
2000M3,90.46,434.75,123.47,57.76,57.25,3.94,7.35,110.71,74.4,95.17,228.8,190.97,96.4,137.15
2000M4,90.05,423.79,110.47,66.95,57.25,4.01,7.39,108.56,76.95,95.54,217,197.1,94.43,136.21
2000M5,90.9,417.21,105.84,69.16,57.76,4.05,7.39,107.47,78.26,95.53,198.78,200.87,99.11,134.51
2000M6,88.06,452.82,104.36,69.5,59.12,4.01,7.39,112.18,78.48,84.04,197.86,186.95,103.37,130.14
2000M7,86.93,471.25,102.31,66.59,59.76,4.06,7.39,114.04,78.68,75.06,191,169.5,97.13,122.27
2000M8,86.39,461.6,104.51,59.49,60.17,3.83,7.39,111.91,75.13,75.24,187.09,167.87,96.65,120.4
2000M9,82.69,462.45,109.1,57.16,61.7,3.24,7.35,111.96,73.21,80.15,178.14,180.45,103.44,123.08
2000M10,82.88,457.12,113.14,54.89,61.53,2.94,7.44,111.42,76.15,84.71,186.73,173.61,107.78,125.79
2000M11,89.72,450.26,112.48,48.68,61.5,2.87,7.55,110.44,82.46,88.94,184.86,177.19,105.04,127.7
2000M12,88.15,493.05,117.83,54.76,61.5,3.02,7.62,117.99,86.6,96.22,183.57,185.96,113.74,133.22
2001M1,87.81,500.77,122.87,50.38,61.54,3.05,7.8,119.18,85.75,94.3,184.43,175.42,109.48,129.88
2001M2,87.56,513.14,123.6,53.8,61.77,3.02,7.98,121.55,82.31,92.38,185.1,167.45,103.32,126.11
2001M3,91.06,497.36,137.77,63.11,62,3.1,8.09,123.21,83.07,91.01,177.09,164.38,105.57,124.22
2001M4,90.11,481,131.91,64.63,62.06,3.03,8.09,120.12,84.72,87.55,162.1,158.61,106.15,119.82
2001M5,91.49,479.31,130.05,70.61,63.04,2.97,8.09,120.8,89.73,85.08,164.26,163.87,110.77,122.74
2001M6,94.45,508.93,124.57,72.92,63.54,2.89,8.09,125.06,95.06,83.16,167.76,170.23,109.43,125.13
2001M7,98.45,525.21,118.64,72.97,64.27,2.83,8.09,127.21,101.98,90.75,169.73,186.65,108.34,131.49
2001M8,101.8,545.5,129.59,71.54,65.58,2.92,7.55,132.07,99.39,92.88,168.74,182.75,104.22,129.6
2001M9,107.25,549.33,138.24,63.93,66.48,2.92,6.73,133.55,99.61,89.74,173,172.35,103.18,127.57
2001M10,103.39,555.81,135.1,57.29,65.7,2.79,6.42,132.36,101.79,86.27,170.87,160.63,104.83,124.88
2001M11,104.28,585.28,134.69,48.6,64.33,2.62,5.93,135.1,100.97,89.88,170,162.56,106.8,126.04
2001M12,100.83,618.96,135.94,47.41,63.23,2.56,5.7,139.23,102.86,92.31,179.38,160.15,104.37,127.81
2002M1,101.05,621.83,138.15,54.26,62.94,2.52,5.79,140.93,99.27,91.97,191.13,160.06,106.19,129.72
2002M2,102.95,633.4,137.12,55.14,62.92,2.52,6.18,142.89,99.01,90.73,194.35,160.2,103.84,129.62
2002M3,109.03,633.5,137.39,50.8,62.73,2.68,6.45,143.22,98.95,89.86,189.29,168.69,102.55,129.87
2002M4,103.74,646.64,137.77,44.78,62.5,2.81,5.86,143.44,95.82,87.11,189.5,171.36,104.8,129.72
2002M5,96.47,661.87,141.06,46.98,63.35,3.02,6.21,145.56,97.55,90.33,198.3,176.64,104.1,133.38
2002M6,93.89,644.25,143.31,50.41,63.8,3.05,6.51,143.6,104.11,93.17,202,185.37,115.41,140.01
2002M7,96.9,652.11,150.81,54.87,64.21,3.06,6.42,146.91,114.23,99.7,199.61,209.09,132.64,151.05
2002M8,95.73,650.15,148.75,46.11,64.11,3.02,6.26,144.88,120.99,109.89,191.32,208.22,149.61,156.01
2002M9,92.56,662.55,150.45,36.66,64.04,3.13,6.35,145.1,119.75,113.94,188.48,208.22,173.34,160.75
2002M10,86.97,654.82,154.82,42.81,63,3.14,6.51,144.58,120.61,109.65,185.48,200.09,180.04,159.17
2002M11,81.56,650.13,154.96,40.6,61.9,3.15,6.77,142.73,120.13,108.65,187.19,210.22,164.28,158.09
2002M12,84,635.42,157.94,43.67,61.49,3.16,6.81,141.79,117.19,107.01,185.27,208.24,149.2,153.38
2003M1,85.35,641.65,162.69,46.58,62.25,3.34,6.97,144.12,113.7,105.84,199.74,208.67,140.48,153.69
2003M2,83.75,637.82,159.7,48.16,63.06,3.25,7.02,143.25,114.15,106.14,198.75,209.61,141.66,154.06
2003M3,83.88,632.28,153.1,48.84,63.84,3.18,6.7,141.69,113.65,105.13,196.95,210.22,129.25,151.04
2003M4,82.63,622.2,149.04,49.21,63.54,3.18,6.96,139.54,114.59,105.34,195.18,221.71,126.05,152.57
2003M5,79.3,640.06,157.01,58.99,64.48,3.25,7.38,144.35,115.5,107.91,197.73,232.41,131.05,156.92
2003M6,78.25,672.42,165.93,64.81,65.88,2.69,7.58,151.08,111.48,107.03,203.67,229.77,118.16,154.02
2003M7,81,668.62,152.41,60.9,67.39,2.4,7.23,148.56,96.62,97.67,199.48,214.03,115.78,144.72
2003M8,91.13,656.84,157.42,56.69,68.51,2.5,7.03,148.59,88.07,100.35,196.43,208.22,133.48,145.31
2003M9,97,645.36,167.16,56.65,69.21,2.88,7.1,149.34,90.63,103.24,202.86,231.7,130.65,151.82
2003M10,98.4,643.64,165.75,52.54,68.58,3.16,7.04,148.45,95.7,104.21,204,268.99,130.06,160.59
2003M11,110.75,670.87,160.81,48.69,68.39,2.96,6.93,152.77,101.75,108.1,201.75,279.72,141.35,166.53
2003M12,105.4,670.59,166.72,48.68,68.98,3.12,6.68,152.88,100.77,111.99,197,283.19,145.07,167.6
2004M1,107.06,711.99,164.66,52.94,69.61,3.23,6.81,159.47,98.55,116.25,207.45,300.9,147.29,174.09
2004M2,99.5,733.62,163.21,61.03,71.63,3.32,6.88,162.74,95.57,122.93,213.25,316.55,141.73,178.01
2004M3,97.25,729.21,160.47,65.35,73.09,3.45,6.36,162.17,103.03,128.46,240.35,360.68,142.55,195.01
2004M4,102.1,713.13,159.11,65.28,74.73,3.61,6.17,160.59,112.53,133.44,253.41,363.5,146.06,201.79
2004M5,114.63,704.23,158.19,78.87,76.61,3.48,6.92,163.28,111.56,129.29,251.57,347.87,143.18,196.69
2004M6,116.75,679.41,164.21,78.36,79.55,3.21,6.99,161.21,114.05,123.28,244.23,320.23,136.86,187.73
2004M7,120.3,666.62,167.86,78.66,80.92,3.11,6.95,160.63,103.97,104.49,240.32,289.79,132.39,174.19
2004M8,126.75,663.68,164.93,76.03,80.09,3.35,6.54,160.19,87.77,104.09,252.55,225.79,122.06,158.45
2004M9,127.88,663.5,163.31,74.88,78.1,3.26,6.61,159.65,85.37,97.73,252,206.45,126.82,153.67
2004M10,119.5,667.14,168.81,72.7,76,3.19,6.69,159.15,87.89,93.42,253.52,193.43,123.06,150.26
2004M11,118.38,691.63,172.32,75.81,74.66,3.23,6.64,163.24,95.53,93.76,262.32,195.82,127.13,154.91
2004M12,116.8,690.63,182.1,72.18,73.59,3.67,6.76,163.68,92.04,95.61,278.43,198.59,123.55,157.65
2005M1,115.25,700.23,181.61,72.08,73.41,3.69,6.1,164.63,90.71,96.04,288.38,195.66,122.78,158.72
2005M2,117.38,707.86,174.78,69.23,73.75,3.89,6.23,164.73,87.38,94.36,292.35,197.59,123.13,158.96
2005M3,120,714.03,171.85,69.38,73.88,3.98,7.13,165.75,94.17,100.01,295,233.18,129.96,170.46
2005M4,118.2,710.51,167.5,69,74,3.98,6.71,164.27,93.33,96.47,299.14,228.76,120.06,167.55
2005M5,121.45,695.98,164.53,74.92,74.29,4,6.87,163.15,88.89,95.36,295.27,233.46,119.15,166.43
2005M6,120.33,682.06,159.83,67.33,74.53,4.18,6.51,159.25,93.44,97.62,287.05,254.74,122.47,171.06
2005M7,122.6,656.46,154.42,67.52,74.75,4.38,6.43,155.22,96.81,105.66,278.71,253.35,130.16,172.94
2005M8,120,784.54,154.22,69.71,74.77,4.34,6.81,173.48,98,99.29,283.48,230.43,131.56,168.55
2005M9,120.3,783.29,155.13,67.53,75.18,4.18,6.48,173.16,97.89,97.07,287.41,212.02,137.39,166.35
2005M10,116.5,817.1,150.35,64.88,74.39,4.08,6.18,176.21,98.53,101.55,290.71,211.17,143.07,169.01
2005M11,117.25,823.44,148.23,59.88,72.74,3.92,6.28,175.96,98.76,95.98,278.95,210.9,136.35,164.19
2005M12,115.5,855.24,148.57,60.6,71.17,4.13,6.54,180.25,103.01,102.68,277.27,216.54,139.99,167.9
2006M1,113.63,910.33,149.23,55.84,69.86,4.03,6.32,187.03,103.6,102.79,284.45,214.01,144.57,169.88
2006M2,114.75,909.04,146.35,58.43,69.16,4,6.3,186.86,101.13,106.94,296.4,214.37,158.89,175.54
2006M3,111.9,906.58,140.51,58.51,68.29,4.62,6.48,185.27,100.38,104.95,297.74,212.71,155.79,174.31
2006M4,112.58,918.24,141.22,55.96,67.52,5.43,6.69,186.81,102.12,107.91,298.5,208.9,161.21,175.73
2006M5,112.5,970.83,148.52,66.23,67.9,6.17,6.84,197,107.48,110.62,301.26,217.36,176.6,182.66
2006M6,111.7,958.62,150.16,74.38,68.97,6.68,7.02,196.79,106.88,109.61,305.59,216.5,176.92,183.1
2006M7,115.13,959.07,155.95,70.1,69.9,6.14,7.19,197.64,112.1,114.31,312.43,217.25,181.35,187.49
2006M8,117.63,1251.38,169.68,71.93,70.43,5.83,7.39,242.04,114.53,115.28,313.39,203.84,165.13,182.43
2006M9,117.5,1296.63,164.91,67.91,70.7,4.72,6.91,247.04,115.44,120.27,312.9,199.31,164.94,182.57
2006M10,117.88,1263.01,155.78,64.32,69.63,4.3,6.82,240.25,136.6,142.26,309.64,217.89,182.43,197.76
2006M11,121.25,1262.59,158.17,62.12,69.01,4.31,6.99,240.64,148.15,164.11,300.59,244,182.3,207.83
2006M12,121.2,1285.02,162.78,60.59,69.42,4.51,7,244.36,150.97,160.72,309.29,243.31,179.53,208.76
2007M1,119.25,1258.73,159.32,59.54,71.26,4.46,6.25,239.83,152.13,165.16,313.48,255.87,172.57,211.84
2007M2,118.38,1252.39,155.38,65.68,73.86,4.62,6.45,239.54,151.03,177.38,316.05,278.04,175.27,219.55
2007M3,118.4,1268.87,154.24,61.53,76.31,4.7,6.25,241.47,157.06,169.58,326.18,276.96,173.31,220.62
2007M4,117.63,1289.38,157.18,65.42,78.08,4.78,6.24,245.53,157.12,152.63,322.29,270.39,178.56,216.2
2007M5,116.63,1266.92,157.32,73.51,79.65,4.43,6.35,243.54,161.69,160.14,320.61,283.21,178.01,220.73
2007M6,119,1254.15,159.24,74.06,80.76,4.22,6.71,242.59,184.45,164.54,326.29,302.83,206.52,236.92
2007M7,117.5,1212.95,165.72,70.81,81.16,4.35,7.02,237.07,177.91,147.22,332.55,313.48,222,238.63
2007M8,118.4,1148.05,164.31,70.36,81.27,4.73,6.76,227.7,158.88,151.03,331.48,309.01,240.69,238.22
2007M9,118.25,1109.22,163.76,63.15,81.56,4.58,7.1,221.09,184.66,160.13,330,347.56,297.95,264.06
2007M10,115.88,1054,167.72,56.69,79.75,4.48,6.96,212.21,197.11,164.11,335.3,358.4,303.63,271.71
2007M11,117.66,1031.14,170.4,49.95,77.8,4.5,6.89,208.33,187.61,171.11,356.5,389.02,286.5,278.15
2007M12,119.5,1079.68,165.92,53.28,76.85,4.67,6.8,215.24,198.93,180.28,378,423.08,339.23,303.9
2008M1,121.33,1114.49,161.18,49.76,77.28,4.81,6.74,219.37,205.61,206.56,393.48,461.72,336.12,320.7
2008M2,127.7,1140.39,173.38,57.86,79.22,4.74,6.89,227.17,216.54,220.05,481.14,508.22,393.87,363.96
2008M3,106.7,1169.75,178.74,53.24,81.22,5.22,6.66,228.79,228.66,233.93,672.64,495.69,403.81,406.95
2008M4,103.75,1184.37,183.69,61.15,82.03,5.12,6.84,232.42,237.24,246.64,1015.21,482.79,326.85,461.75
2008M5,124.2,1191.92,186.59,78.11,83.51,5.31,6.91,239.51,238.31,243.53,1009.32,489.09,288.42,453.73
2008M6,129.5,1208.78,185.14,73.9,85.7,5.15,7.36,242.22,240.98,287.13,834.6,552.47,314.16,445.87
2008M7,133,1265.05,184.13,76.08,88.14,5.62,7.52,251.36,248.31,267.14,799,554.15,299.43,433.61
2008M8,135.5,1240.64,177.66,84.56,88.55,5.37,7.25,248.5,212.32,235.16,737,471.07,304.16,391.94
2008M9,129.4,1223.44,170.13,71.16,88.38,4.96,7.39,242.12,189.43,233.95,722,433.38,263.05,368.36
2008M10,115.92,1101.43,162.1,63.67,87.54,4.16,7.07,220.27,144,183.02,624,338.78,202.77,298.52
2008M11,115,1049.74,145.13,52.6,86.91,3.82,6.99,208.6,130.16,164.3,563.25,329.14,194.11,276.19
2008M12,111.25,1032.27,140.81,53.7,87.02,3.9,6.98,205.13,114.16,158.91,550.75,318.81,188.84,266.3
2009M1,114.13,1037.3,137.4,55.99,87.24,4.11,6.22,206.06,121.61,173.3,615.25,364.72,211.28,297.23
2009M2,107.13,1046.77,133.92,57.37,86.7,4.12,6.11,206.02,112.57,163.4,634,341.27,195.22,289.29
2009M3,112.38,1054.07,131.97,57.35,85.73,4.48,6.36,207.47,114.94,164.58,625.25,333.66,199.1,287.5
2009M4,115.5,1055.71,139.44,57.83,85.67,4.8,6.11,209.29,111.02,168.8,577.25,374.47,200.89,286.48
2009M5,119.6,1117.44,143.13,58.53,86.99,5.44,6.37,219.64,129.39,180.07,540.75,422.36,227.19,299.95
2009M6,122.13,1164.08,153.37,57.05,88.13,5.5,6.48,228.1,148.68,179.39,548.6,445.11,227.31,309.82
2009M7,124,1222.51,154.13,57.85,88.59,5.77,6.35,237.03,139.96,151.8,623,398.09,195.33,301.63
2009M8,124,1295.4,155.77,49.56,86.9,4.99,6.29,246.13,122.3,152.04,576.25,408.96,179.55,287.82
2009M9,124.13,1362.82,154.61,50.56,84.97,5,6.65,255.53,103.53,150.59,593.67,349.05,156.93,270.75
2009M10,120.5,1463.87,152.03,50.9,82.88,4.81,6.62,268.8,130.55,167.28,566.25,354.86,163.73,276.53
2009M11,125,1557.8,155.55,54.13,82.14,5.01,6.56,283.74,155.26,171.69,566.25,370.71,177.61,288.3
2009M12,127,1692.45,151.99,61.85,82.16,5.05,6.33,303.83,150.77,164.61,606,379.3,171.16,294.37
2010M1,133.88,1748.38,152.32,67.34,82.99,5.15,6.45,313.79,146.6,167.34,598,358.97,167.82,287.74
2010M2,141.75,1709.79,147.78,66.18,83.25,5.54,6.28,308.65,137.3,161.91,584.75,344.66,160.16,277.76
2010M3,152.1,1793.86,142.38,70.93,83.96,5.99,6.21,322.2,147.06,158.93,540.13,348.95,156.46,270.31
2010M4,164.75,1961.11,144.95,77.57,85.24,6.48,6.62,349.53,151.71,157.27,502.23,357.64,156.83,265.13
2010M5,157.75,1907.78,138.19,85.28,86.48,6.32,6.41,341.17,142.95,163.24,472.48,349.05,158.33,257.21
2010M6,144.81,1817.13,138.06,78.72,87.17,5.95,6.93,325.54,145.97,152.87,458.55,348.51,149.21,251.02
2010M7,145.39,1705.03,143.14,78.8,87.82,6.31,7.31,310.54,156.36,163.92,470.68,370.98,182.74,268.93
2010M8,152.5,1673.83,147,83.15,87.79,6.44,7.19,308.27,161.03,175.6,486.86,379.46,219.88,284.57
2010M9,152.5,1632.19,147.03,81.93,87.75,6.2,7.4,302.14,168.2,205.84,519.95,390.23,240.43,304.93
2010M10,154.75,1665.71,149.51,71.15,86.72,6.37,7.66,305.98,174.61,235.7,532.38,427.18,234.6,320.89
2010M11,156.5,1662.63,150.75,63.48,85.73,6.06,7.26,304.63,179.12,238.24,543.14,459.96,241.84,332.46
2010M12,173.03,1593.21,146.35,68.81,85.33,6.9,7.3,297.27,189.6,250.63,536.78,483.76,274.46,347.04
2011M1,185.63,1607.46,147.57,75.04,85,6.8,7.62,302.16,195.12,265.29,528.38,511.1,295.99,359.18
2011M2,183.73,1612.82,150.32,83.22,85.26,6.98,7.41,304.25,196.37,293.4,532.8,512.05,317.6,370.44
2011M3,187.72,1755.65,152.53,84.64,86.06,7.3,7.83,325.96,202.53,290.43,508.96,498.74,285.38,357.21
2011M4,193,1760.73,154.08,92.06,86.41,7.84,8.06,328.88,208.7,318.94,500.57,501.47,307.25,367.39
2011M5,184.11,1590.95,154.33,92.45,86.56,7.43,7.82,303.38,208.72,308.58,500.55,498.77,307.19,364.76
2011M6,178.36,1508,153.14,94.55,86.95,6.3,7.71,290.72,210.17,310.54,518.09,499.77,285.3,364.77
2011M7,177.76,1469.08,152.24,96.92,87.34,5.63,7.63,285.23,215.46,300.83,546.19,501.83,271.46,367.15
2011M8,180.85,1455.06,153.8,103.02,88.12,5.38,8.02,284.89,206.66,310.31,577.3,501.42,288.69,376.88
2011M9,175.93,1346.9,147.54,88.55,88.97,4.78,7.66,265.76,210.63,296.3,615.55,490.91,272.34,377.15
2011M10,174.28,1352.34,147.53,92.48,89,4.26,8.25,266.88,208.68,274.85,602.14,446.02,251.59,356.65
2011M11,186.68,1402.34,142.43,85.7,89.21,4.23,8.05,274.09,211.37,274.28,609.09,428.83,244.54,353.62
2011M12,190.09,1369.68,134.34,83.76,89.83,4.55,7.8,268.58,212.22,258.52,580.91,420.05,236.06,341.55
2012M1,190.93,1295.05,130.56,84.13,90.37,4.35,7.85,257.61,210.47,272.92,541.06,441.73,243.7,341.98
2012M2,194.1,1315.22,125.16,86.41,91.2,4.77,8.2,260.72,213.46,279.51,547.48,461.56,245.98,349.6
2012M3,194.36,1319.33,117.42,84.69,92.77,5.05,7.79,260.2,222.68,280.72,577.05,496.29,243.49,364.05
2012M4,192.1,1408.1,110.66,79.85,93.26,4.98,7.58,270.93,237.27,274.22,585.95,529.42,228.09,370.99
2012M5,187.3,1518,98.78,79.15,94.08,5.01,7.46,284.26,236.98,268.88,612.43,520.93,228.88,373.62
2012M6,183.6,1642.3,91.07,91.87,94.5,4.52,7.48,302.19,228.3,267.33,606.14,522.33,241.97,373.21
2012M7,180.36,1735.12,90.32,94.47,94.72,4.44,7.16,315.23,239.18,333,578.36,609.45,310.75,414.15
2012M8,183.13,1755.74,88.17,86.38,95.02,4.65,7.18,317.18,260.63,332.23,582.87,622.91,315.55,422.84
2012M9,180.25,1716.05,90.36,68.77,95.65,4.81,7.21,309.01,260.2,320.71,590.5,615.18,316.65,420.65
2012M10,181.54,1694.59,90.22,79.72,95.84,4.43,7.07,307.63,253.43,321.38,584.74,565.53,318.41,408.7
2012M11,192.02,1902.06,89.52,77.9,96.62,4.68,7.26,338.58,249.68,321.6,590.73,533.03,319.46,402.9
2012M12,195.62,2190.08,93.51,80.02,97.68,5.24,7.38,381.36,250.69,308.75,565.52,534.79,303.04,392.56
2013M1,195.39,2088.6,95.76,82.79,99.09,6.16,7.39,367.88,238.81,303.36,573.39,526.05,288.21,385.96
2013M2,194.28,1882.6,96.39,83.08,100.21,6.43,7.49,338.64,238.28,302.61,574.07,536.38,271.68,384.6
2013M3,191.79,1783.98,94,73.36,101.47,6.56,7.48,322.66,235.11,309.58,564.52,536.08,263.34,381.73
2013M4,191.68,1834.49,96.24,77.95,102.62,7.07,7.76,331.12,228.17,279.76,553.73,517.79,264.17,368.72
2013M5,179.59,1835.82,102.49,89.17,104.16,7.36,8.1,332.38,226.89,295.37,552.09,542.2,276.05,378.52
2013M6,174.25,1743.89,104.74,98.1,105.54,6.88,8.31,320.24,223.63,297.11,546.25,560.16,266.85,378.8
2013M7,176.58,1598.54,103.72,98.45,106.41,7.35,8,299.86,213.46,279.01,538.26,548.35,257.47,367.31
2013M8,176.26,1621.8,107.63,96.12,106.5,6.96,8.5,303.4,187.16,234.94,509.77,498.05,258.93,337.77
2013M9,175.6,1525.27,110.88,91.73,106.2,5.81,9.01,289.21,168.81,207.49,470,503.24,257.5,321.41
2013M10,178.07,1520.09,114.05,87.76,105.28,6.1,9.7,288.72,153.69,201.78,453.26,472.83,278.15,311.94
2013M11,183.31,1549.37,118.78,81.5,104.66,6.38,10.18,293.45,149.01,199.18,448.81,476.66,259.78,306.69
2013M12,185.95,1557.11,125.46,78.57,104.25,7.53,10.42,295.61,146.97,197.55,447.55,488.67,246.11,305.37
2014M1,187.46,1586.17,126.81,78.85,104.39,8.06,10.24,300.28,148.77,198.77,441.04,476.1,229.98,298.93
2014M2,190.25,1658.39,128.55,86.35,104.5,7.79,10.64,312.35,147.79,209.36,447,496.8,242.8,308.75
2014M3,197.76,1729.28,135.1,113.21,105.23,7.43,10.75,328.4,145.98,222.39,434.14,522,275.61,320.03
2014M4,191.23,1763.83,140.38,120.33,107.09,7.56,10.73,334.45,148.67,222.43,409.94,547.19,276.38,320.92
2014M5,194.55,1820.16,145.28,110.47,108.69,7.07,10.65,342.41,159.63,216.98,403.59,546.03,287.91,322.83
2014M6,200.79,2000.88,147.47,115.27,110.87,6.19,10.38,370.26,150.75,202.63,414.67,528,261.65,311.54
2014M7,227.5,2048.97,145.89,128.67,112.53,6.39,9.75,382.81,132.02,182.29,428,463.23,238.55,288.82
2014M8,258.86,2000.09,139.9,109.2,112.79,5.93,9.39,376.59,118.63,176.48,440.38,432.99,229.16,279.53
2014M9,272.3,1871.81,135.63,100.53,113.52,5.49,9.4,358.38,115.62,163.13,436.5,368.85,211.17,259.06
2014M10,266.93,1985.42,133.04,101.9,113.89,5.37,9.88,373.78,104.86,163.38,432.7,354.44,210.72,253.22
2014M11,261.5,2204.08,130.64,86.16,113.94,5.75,9.81,401.7,107.45,178.71,419,379.34,215.99,260.1
2014M12,239.59,2388.57,128.11,82.81,113.77,6.15,9.57,424.08,109.84,178.71,410.74,378.78,234.86,262.59
2015M1,232.02,2169.83,123.69,73,114.09,5.95,8.91,389.64,110.18,174.79,409.68,367.49,213.02,255.03
2015M2,209.88,2028.45,119.42,61.84,113.77,5.58,8.87,363.97,103.88,173.76,409.5,364.74,201.74,250.72
2015M3,207.8,1897.3,109.97,61.71,114.27,5.14,8.68,343.55,106.07,174.29,400.73,359.6,202.69,248.68
2015M4,214.43,1854.61,109.03,60.98,114.97,5.12,8.53,338.24,106.21,172.15,392.41,356.93,195.93,244.72
2015M5,199.21,1728.81,110.24,77.32,115.97,5.12,8.75,320.77,105.82,166.35,382.43,351.95,193.22,239.95
2015M6,195.05,1649.19,108.01,77.35,116,5.16,8.52,308.47,100.64,166.81,370.55,354.82,199.84,238.53
2015M7,204.41,1556.97,106.9,75.92,115.92,5.29,7.76,296.17,104.87,179.61,387.74,372.35,199.22,248.76
2015M8,212,1552.02,98.09,75.58,115.44,5.45,7.81,295.2,96.18,162.74,375.57,347.02,173.52,231.01
2015M9,202.41,1567.7,93.53,69.84,115,5.03,7.9,294.49,92.5,166.08,358.77,323.55,164.07,220.99
2015M10,184.55,1647.57,92.88,71.24,114.31,5.02,8.34,303.42,94.55,171.45,360.45,327.42,165.45,223.87
2015M11,177.07,1753.72,91.4,57.03,113.35,5.02,8.27,315.12,93.76,166.09,358.38,319.08,157.8,219.02
2015M12,167.11,1704.36,90.68,53.11,113.06,5.79,8.5,306.09,88.67,164,354.35,323.32,163.89,218.85
2016M1,159.07,1555.3,87.27,54.51,112.54,6.45,8.09,283.32,83.05,161.1,359.48,323.2,164.61,218.29
2016M2,171.31,1455.94,86.61,62.94,112.11,6.14,8.43,271.93,87.06,159.72,373.19,320.13,159.28,219.88
2016M3,176.2,1387.81,86.12,63.43,111.56,6.91,8.26,262.9,91.59,159.23,370.48,326.94,164.06,222.46
2016M4,176.9,1428.94,86.67,64.81,111.56,7.11,8.61,269.23,100.82,164.47,376.05,353.8,163.39,231.7
2016M5,179.45,1528.42,91.66,73.99,111.98,7.27,8.55,285.9,104.32,169,408.82,388.51,157.56,245.64
2016M6,181.45,1577.25,96.04,79.05,111.86,7.67,8.66,294.57,114.84,179.91,420.68,421.23,156.7,258.67
2016M7,187.74,1403.44,88.97,76.01,111.45,8.01,8.32,269.14,107.39,161.82,456.24,390.4,133.71,249.91
2016M8,185.61,1427.45,92.11,65.16,111.03,7.06,8.6,271,98.58,150.22,414.22,370.32,127.9,232.25
2016M9,182.89,1398.29,95.58,58.71,110.38,6.67,8.47,265.85,95.5,148.51,384,355.9,123.25,221.43
2016M10,180.76,1296.28,92.45,50.23,110.13,7.21,8.58,249.38,96.7,152.62,367.67,358.39,122.56,219.59
2016M11,183.14,1280.58,96.11,46.61,109.85,7.32,8.84,247.49,97.88,151.33,360.82,368.37,122.55,220.19
2016M12,173.98,1281.75,96.59,53.45,112.71,7.86,9.02,247.91,95.99,152.73,367.55,375.29,122.85,222.88
2017M1,176.77,1224.7,95.62,61.37,114.82,8.64,9,241.56,100.06,160.01,372.55,379.59,137.15,229.87
2017M2,184.6,1125.47,97.75,71.77,114.5,7.88,8.49,230.06,103.9,162.96,368.5,380.87,147.36,232.72
2017M3,190.17,1068.95,100.34,68.39,124.66,7.2,8.59,224.05,102.57,158.98,367.78,366.1,146.43,228.37
2017M4,192.88,1094.84,107.77,59.61,130.7,7.44,8.62,228.84,103.35,156.54,374.5,347.86,138.41,224.13
2017M5,200.41,1120.36,114.09,68.25,144.71,8.02,9.11,237.85,104.45,158.6,402.91,350.18,146.44,232.52
2017M6,206.16,1092.07,113.99,82.05,147.41,8.1,9.2,237,105.87,157.97,444.68,339.73,157.25,241.1
2017M7,205.45,1082.4,107.67,88.06,138.83,8.04,9.25,234.24,110.81,157.61,419.95,365.45,174.53,245.67
2017M8,189.04,1125.89,104.26,78.57,124.84,7.46,9.61,234.24,103.24,148.54,405.65,345.41,139.05,228.38
2017M9,188.69,1220.01,110.78,58.95,119.49,7.03,9.2,244.88,99.28,147.32,413.14,353.86,138.41,230.4
2017M10,189.48,1209.83,117.56,59.12,114.26,6.97,9.08,243.75,93.78,148.72,407.23,358.28,133.34,228.27
2017M11,190.14,1226.25,117.68,62.86,115.69,6.24,9.18,246.86,98.27,148.79,404.05,361.41,138.05,230.11
2017M12,184.33,1344.62,114.77,60.54,117.42,6.32,9.24,262.46,94.33,149.09,407.95,357.15,147.1,231.12
2018M1,188.04,1449.61,121.9,68.2,126.7,7.19,9.48,281.59,100.25,155.92,422.3,356.87,156.39,238.35
2018M2,194.83,1490.6,124.22,69.58,122.39,7.28,8.79,288.24,106.77,163.46,417.85,371.23,172.29,246.32
2018M3,193.91,1490.56,124.54,61.41,135.78,8.51,8.59,289.04,108.99,172.08,409.77,381.89,180.92,250.73
2018M4,190.81,1478.93,125.28,53.97,146.53,8.88,8.84,287.61,112.21,175.6,432.38,381.27,180.38,256.37
2018M5,188,1344.99,120.02,63.42,158.22,9,8.07,270.25,117.17,179.18,433.22,374.85,192.7,259.42
2018M6,185.55,1307.02,118.34,77.39,159.95,7.89,8.33,266.35,103.49,165.14,413.14,339.96,193.08,242.96
2018M7,182.86,1294.91,117.23,74.87,146.97,6.98,8.67,261.79,99.01,156.55,378.68,312.56,196.81,228.72
2018M8,179.98,1266.35,109.73,51.52,116.53,6.66,8.15,248.42,98.87,162.52,383.43,316.66,211.29,234.56
2018M9,176.13,1284.14,105.78,52.12,111.77,7.34,8.23,249.36,95.43,154.95,383,306.43,191.14,226.19
2018M10,168.37,1279.65,106.87,64.29,112.26,7.09,8.14,249.53,102.8,160.37,392.04,315.85,188.46,231.9
2018M11,171.02,1267.85,109.02,57.04,116.63,6.69,8.14,248.06,105.4,160.88,390.82,322.28,181.55,232.19
2018M12,183.19,1246.58,105.48,52.23,121.93,6.77,8.2,246.34,101.92,167.49,380.33,330.48,188.54,233.75
2019M1,185.96,1266.92,106.22,54.8,133.15,7.48,8.29,251.83,102.46,166.85,383.74,333.78,188.84,235.13
2019M2,188.6,1271.36,106.59,52.64,121.03,6.73,7.87,250.69,106.88,169.66,390.55,334.5,177.92,235.9
2019M3,194.36,1279.39,107.89,57.12,125.1,8.02,7.66,254.22,103.9,166.32,383.14,329.24,164.51,229.42
2019M4,208.3,1305.91,109.53,78,131.56,7.96,7.59,264.12,100.85,161.65,397.41,324.25,159.03,228.64
2019M5,200.33,1305.58,111.03,80.63,135.68,7.3,7.5,264.01,106.16,171.18,390.3,305.31,158.28,226.25
2019M6,202.63,1288.82,114.57,76.43,127.21,7.37,8.03,260.72,125.37,195.17,396.25,326.61,174.7,243.62
2019M7,204.65,1254.73,115.61,71.93,119.46,7.06,7.94,254.48,128.14,189.49,395.96,325.47,163.88,240.59
2019M8,204.23,1199.46,113.61,75.17,108.85,6.04,7.69,245.01,110.28,163.63,414.68,314.63,149.36,230.52
2019M9,205.62,1177.6,115.5,56.39,103.6,5.74,7.57,238.86,103.71,157.37,415.43,322.45,146.57,229.11
2019M10,212.8,1204.37,122.73,60.42,105.92,5.55,7.54,245.62,112.96,167.3,399.13,339.87,153.22,234.5
2019M11,258.33,1228.2,132.42,57.34,105.43,6.2,8.07,256.57,113.08,166.36,394.57,332.96,157.53,232.9
2019M12,250.57,1230.05,134.42,57.23,114.51,7.62,8.14,257.51,111.43,167.06,397,334.95,165.25,235.14
2020M1,212.5,1250.49,135.05,58.68,121.71,8.43,7.97,256.4,115.05,171.81,428.52,337.08,178.24,246.14
2020M2,206.88,1339.7,128.68,54.88,108.43,7.29,7.41,264.75,110.84,168.74,430.25,325.43,172.23,241.5
2020M3,192.39,1279.37,117.46,58.76,108.41,6.24,7.46,252.87,101.68,162.18,471.68,319.34,170.87,245.15
2020M4,195.43,1282.57,112.15,48.67,73.86,5.5,7.07,246.46,97.98,147.01,542.82,309.99,179.75,255.51
2020M5,214.9,1271.12,110.34,62.78,98.11,6.02,7.31,252.94,98.64,143.99,498.86,309.33,174.95,245.15
2020M6,215.73,1303.35,110.7,46.54,99.13,6.78,8.04,255.75,101.68,148.04,503.05,318.64,169.72,248.23
2020M7,199.3,1330.13,110.58,46.19,94.29,5.82,7.11,256.2,102.03,152.59,464.48,328.94,170.57,243.72
2020M8,200.43,1289.74,113.42,52.41,88.76,5.67,6.94,251.05,102.61,149.39,484.43,332.14,174.18,248.55
2020M9,197.73,1255.02,114.09,65.59,85.5,5.42,6.79,247.16,102.12,166.6,491.91,366.82,204.14,266.32
2020M10,190.05,1255.16,115.48,75.59,90.48,5.23,6.88,248.41,102.37,186.77,458.86,387.58,203.43,267.8
2020M11,190.79,1294.93,112.91,68.13,104.34,5.25,7.2,254.79,108.05,190.63,459.86,419.59,210.75,277.77
2020M12,189.11,1328.99,113.11,62.28,110.83,5.55,7.83,259.67,112.46,199.18,499.35,443.66,217.31,294.39
2021M1,197.1,1346.35,123.98,64.04,110.56,5.74,7.53,265.04,125.7,231.75,518.48,504.31,237.94,323.64
2021M2,204.63,1379.26,128.33,72.82,111.57,6.04,7.43,272.87,137.85,245.55,535.75,507.82,240.81,333.55
2021M3,205.28,1398.98,132.5,88.88,114.72,7.32,6.51,279.17,138.98,245.76,502.35,519.88,229.89,327.37
2021M4,224.82,1397.01,138.9,102.16,135.29,7.56,7.11,287.55,154.25,268.62,470.27,537.42,239.94,334.1
2021M5,239.95,1499.76,149.35,109.58,141.78,8.04,7.4,307.98,195.84,304.3,477.19,576.97,278.45,366.55
2021M6,246.98,1515.26,152.38,116.19,143.2,7.08,7.44,312.65,187.37,292.52,454.86,537.36,238.77,342.18
2021M7,245.68,1489.56,150.02,109.52,141.95,7.15,7.72,307.37,180.17,278.45,414.86,523.57,243.63,328.14
2021M8,247.14,1474.73,150.13,106.35,140.97,6.62,8.05,304.86,169.78,257.02,386.77,504.04,274.88,318.5
2021M9,249.25,1464.56,152.04,93.03,142.13,6.17,8.19,302.2,175.57,235.82,387,469.44,269.73,307.51
2021M10,251.29,1460.88,153.7,84.85,138.63,6.69,8.22,300.61,208.66,239.6,388.9,452.02,294.04,316.64
2021M11,258.45,1436.52,162.35,73.76,143.09,6.56,8.42,298.45,224.36,248.77,383.55,454.58,317.44,325.74
2021M12,260.93,1446.53,165.1,69.89,168.45,7.41,8.43,303.82,238.51,264.57,383.57,473.81,324.02,336.9
2022M1,262.52,1487.03,168.28,75.63,176.23,8.02,8.73,312.35,250.92,276.72,397,514.45,326.08,353.03
2022M2,269.88,1498.29,166.29,90.39,168.6,8.83,8.3,315.8,249.25,292.67,410,583.69,347.5,376.62
2022M3,275.3,1486.74,165.95,99.45,198.37,9.42,7.83,320.44,256.27,335.93,419.43,617.2,387.67,403.3
2022M4,271.31,1501.86,162.91,99.3,223.99,10.38,7.55,325.33,262.96,348.51,415.76,618.14,406.03,410.28
2022M5,269.18,1463.36,145.46,100.15,227.96,10.54,7.76,317.77,257.36,344.91,425.27,617.12,444.16,417.77
2022M6,262.84,1430.85,140.44,107.06,222.85,9.92,7.96,311.7,259.13,335.72,434.18,621.2,397.65,409.58
2022M7,257.64,1398.52,135.57,113.43,197.1,8.84,7.6,302.67,240.3,312.68,412.48,571,321.98,371.69
2022M8,252.04,1399.36,135.47,115.85,175.72,7.43,7.98,299.12,212.4,293.93,411.09,576.82,323.02,363.45
2022M9,246.61,1314.45,123.57,95.95,168.18,6.17,8.41,280.48,180.59,312.55,426.82,537.55,346.32,360.77
2022M10,241.52,1256.97,115.47,91.57,166.38,6.62,8.22,269.54,175.43,343.55,416.1,507.54,353.71,359.27
2022M11,228.61,1331.02,106.55,86.19,168.7,7.02,8.39,276.64,178.62,320.93,416.32,529.75,344.33,357.99
2022M12,213,1413.78,96.36,79.59,168.41,7.89,7.75,283.83,179.31,302.24,444.23,541.83,323.65,358.25
2023M1,211,1440.2,94.68,72.72,164.76,9.23,7.07,285.67,182.43,302.84,480.64,555.51,320.1,368.3
2023M2,216.9,1437.11,96.96,73.45,163.86,9.49,6.8,286.37,182.17,298.25,484.95,561.29,332.41,371.81
2023M3,238.48,1450.51,100.13,76.23,170.97,11.25,7.19,293.54,182.89,284.96,453.57,547.23,309.43,355.61
2023M4,248.38,1526.06,110.3,69.86,179.66,10.82,7.05,307.45,185.83,291.18,479.5,546.87,312.81,363.24
2023M5,240.96,1664.23,108.72,74.82,182.07,10.25,6.96,326.86,180.37,268.17,491.74,508.35,299.44,349.61
2023M6,228.89,1689.1,104.77,85.34,174.09,9.12,7.07,328.34,175.48,266.94,492.27,526.3,282.28,348.65
2023M7,216.88,1787.14,96.24,99.85,154.11,9.14,6.91,338.61,172.93,235.27,512.24,555.11,278.62,350.83
2023M8,214.35,1799.78,81.99,96.95,147.54,7.74,6.69,336.43,159.44,207.68,607.96,510.15,241.41,345.33
2023M9,220.5,1774.61,82.59,84.34,155.95,7.13,6.94,333.15,148.2,223.85,606.9,487.15,229.39,339.1
2023M10,226.91,1743.74,85.7,78.64,155.73,7.51,7.12,329.33,142.12,221.9,574.45,471.93,216.46,325.37
2023M11,221.16,1776.55,88.37,72.84,159.23,7.53,6.88,333.22,143.3,209.04,555.41,494.35,216,323.62
2023M12,218.93,1750.21,91.72,65.82,167.06,8.28,7.05,329.87,147.82,207.4,603.24,481.49,229.63,333.92
2024M1,219.89,1627.95,93.98,67.29,168.76,10.21,7.05,313.59,161.79,198.76,629.09,452.63,226.08,333.67
2024M2,234,1591.33,95.96,74.78,167.02,10.27,7.19,311.51,153.54,188.95,609.52,429.73,219.24,320.19
2024M3,250.76,1597.82,98.95,80.86,168.42,10.16,7.18,316.31,137.09,190.23,601.71,433.53,211.84,314.88
2024M4,270.57,1490.51,100.98,87.54,170.86,10.96,7.06,305.5,132.54,190.9,570.14,427.92,208.38,305.98
2024M5,269.02,1401.07,100.84,89.39,170.87,11.09,7.19,292.78,133.89,201.02,600.52,447.49,227.43,322.07
2024M6,263.63,1400.58,112.02,88.67,171.47,8.67,6.99,293.15,135.99,191.24,605.5,430.97,205.23,313.79
2024M7,270.63,1396.77,121,87.8,171.65,7.39,7.06,294.62,139.84,177.77,567.04,411.08,183.23,295.79
2024M8,273.55,1404.86,122.1,88.01,168.6,7.47,7.46,296.01,134.68,169.3,563.77,361.83,175.51,281.02
2024M9,271.14,1407.7,128.57,82.79,171.02,6.96,7.72,296.56,137.72,183.66,555.1,372.1,188.51,287.41
2024M10,272.22,1328.01,133.16,83.19,173.18,6.81,7.85,286.35,121.01,189.59,496.61,368.49,197.37,274.61
2024M11,269.52,1279.45,125.42,86.24,172.44,7.29,8.24,278.37,123.75,201.31,487.43,365.52,185.73,272.75
2024M12,276.23,1292.87,126,82.22,175.36,8.03,8.02,281.25,121.94,202.83,495.68,361.24,185.79,273.5
2025M1,281.76,1281.35,127.79,80.19,176.79,9.62,7.33,280.69,113.22,214.36,459.78,377.85,190.63,271.17
2025M2,285.88,1309.82,133.62,86.31,171.87,8.33,7.43,286.18,113.53,221.25,423.5,382.08,190.1,266.09
2025M3,292.17,1414,139.24,87.2,173.37,8.36,7.24,303.08,110.44,207.75,417,369.34,179.61,256.83
